Visitor,Home,Winner
Brooklyn Nets,Milwaukee Bucks,Milwaukee Bucks
Golden State Warriors,Los Angeles Lakers,Golden State Warriors
Indiana Pacers,Charlotte Hornets,Charlotte Hornets
Chicago Bulls,Detroit Pistons,Chicago Bulls
Boston Celtics,New York Knicks,New York Knicks
Washington Wizards,Toronto Raptors,Washington Wizards
Cleveland Cavaliers,Memphis Grizzlies,Memphis Grizzlies
Houston Rockets,Minnesota Timberwolves,Minnesota Timberwolves
Philadelphia 76ers,New Orleans Pelicans,Philadelphia 76ers
Orlando Magic,San Antonio Spurs,San Antonio Spurs
Oklahoma City Thunder,Utah Jazz,Utah Jazz
Sacramento Kings,Portland Trail Blazers,Sacramento Kings
Denver Nuggets,Phoenix Suns,Denver Nuggets
Dallas Mavericks,Atlanta Hawks,Atlanta Hawks
Milwaukee Bucks,Miami Heat,Miami Heat
Los Angeles Clippers,Golden State Warriors,Golden State Warriors
New York Knicks,Orlando Magic,New York Knicks
Indiana Pacers,Washington Wizards,Washington Wizards
Charlotte Hornets,Cleveland Cavaliers,Charlotte Hornets
Toronto Raptors,Boston Celtics,Toronto Raptors
Brooklyn Nets,Philadelphia 76ers,Brooklyn Nets
Oklahoma City Thunder,Houston Rockets,Houston Rockets
New Orleans Pelicans,Chicago Bulls,Chicago Bulls
San Antonio Spurs,Denver Nuggets,Denver Nuggets
Phoenix Suns,Los Angeles Lakers,Phoenix Suns
Utah Jazz,Sacramento Kings,Utah Jazz
Atlanta Hawks,Cleveland Cavaliers,Cleveland Cavaliers
Miami Heat,Indiana Pacers,Indiana Pacers
Dallas Mavericks,Toronto Raptors,Dallas Mavericks
Detroit Pistons,Chicago Bulls,Chicago Bulls
New Orleans Pelicans,Minnesota Timberwolves,Minnesota Timberwolves
Milwaukee Bucks,San Antonio Spurs,Milwaukee Bucks
Phoenix Suns,Portland Trail Blazers,Portland Trail Blazers
Memphis Grizzlies,Los Angeles Clippers,Memphis Grizzlies
Charlotte Hornets,Brooklyn Nets,Charlotte Hornets
Boston Celtics,Houston Rockets,Boston Celtics
Orlando Magic,New York Knicks,Orlando Magic
Philadelphia 76ers,Oklahoma City Thunder,Philadelphia 76ers
Golden State Warriors,Sacramento Kings,Golden State Warriors
Memphis Grizzlies,Los Angeles Lakers,Los Angeles Lakers
Boston Celtics,Charlotte Hornets,Boston Celtics
Milwaukee Bucks,Indiana Pacers,Milwaukee Bucks
Chicago Bulls,Toronto Raptors,Chicago Bulls
Orlando Magic,Miami Heat,Miami Heat
Washington Wizards,Brooklyn Nets,Brooklyn Nets
Detroit Pistons,Atlanta Hawks,Atlanta Hawks
New Orleans Pelicans,Minnesota Timberwolves,New Orleans Pelicans
Cleveland Cavaliers,Denver Nuggets,Cleveland Cavaliers
Portland Trail Blazers,Los Angeles Clippers,Los Angeles Clippers
Philadelphia 76ers,New York Knicks,New York Knicks
Golden State Warriors,Oklahoma City Thunder,Golden State Warriors
Los Angeles Lakers,San Antonio Spurs,Los Angeles Lakers
Houston Rockets,Dallas Mavericks,Dallas Mavericks
Denver Nuggets,Utah Jazz,Utah Jazz
Charlotte Hornets,Orlando Magic,Charlotte Hornets
Washington Wizards,Boston Celtics,Washington Wizards
Miami Heat,Brooklyn Nets,Miami Heat
Indiana Pacers,Toronto Raptors,Toronto Raptors
Atlanta Hawks,New Orleans Pelicans,Atlanta Hawks
Minnesota Timberwolves,Milwaukee Bucks,Minnesota Timberwolves
Los Angeles Lakers,Oklahoma City Thunder,Oklahoma City Thunder
Sacramento Kings,Phoenix Suns,Sacramento Kings
Memphis Grizzlies,Portland Trail Blazers,Portland Trail Blazers
Cleveland Cavaliers,Los Angeles Clippers,Cleveland Cavaliers
Atlanta Hawks,Washington Wizards,Washington Wizards
Detroit Pistons,Philadelphia 76ers,Philadelphia 76ers
Utah Jazz,Houston Rockets,Utah Jazz
New York Knicks,Chicago Bulls,New York Knicks
San Antonio Spurs,Dallas Mavericks,Dallas Mavericks
Memphis Grizzlies,Golden State Warriors,Memphis Grizzlies
Orlando Magic,Toronto Raptors,Toronto Raptors
Charlotte Hornets,Miami Heat,Miami Heat
Indiana Pacers,Brooklyn Nets,Brooklyn Nets
Sacramento Kings,New Orleans Pelicans,Sacramento Kings
Dallas Mavericks,Denver Nuggets,Denver Nuggets
Los Angeles Clippers,Portland Trail Blazers,Portland Trail Blazers
Cleveland Cavaliers,Los Angeles Lakers,Los Angeles Lakers
Boston Celtics,Washington Wizards,Washington Wizards
Orlando Magic,Detroit Pistons,Detroit Pistons
New York Knicks,New Orleans Pelicans,New York Knicks
Toronto Raptors,Indiana Pacers,Toronto Raptors
Atlanta Hawks,Philadelphia 76ers,Philadelphia 76ers
Utah Jazz,Chicago Bulls,Chicago Bulls
Miami Heat,Memphis Grizzlies,Miami Heat
San Antonio Spurs,Milwaukee Bucks,San Antonio Spurs
Oklahoma City Thunder,Golden State Warriors,Golden State Warriors
Denver Nuggets,Minnesota Timberwolves,Denver Nuggets
Cleveland Cavaliers,Phoenix Suns,Phoenix Suns
Sacramento Kings,Dallas Mavericks,Dallas Mavericks
Portland Trail Blazers,Charlotte Hornets,Charlotte Hornets
Utah Jazz,Milwaukee Bucks,Utah Jazz
Detroit Pistons,Brooklyn Nets,Brooklyn Nets
Houston Rockets,Los Angeles Lakers,Los Angeles Lakers
Cleveland Cavaliers,Charlotte Hornets,Cleveland Cavaliers
San Antonio Spurs,Indiana Pacers,Indiana Pacers
Portland Trail Blazers,Philadelphia 76ers,Philadelphia 76ers
Washington Wizards,Atlanta Hawks,Atlanta Hawks
Chicago Bulls,Boston Celtics,Chicago Bulls
Toronto Raptors,New York Knicks,Toronto Raptors
Denver Nuggets,Memphis Grizzlies,Memphis Grizzlies
Orlando Magic,Minnesota Timberwolves,Orlando Magic
Oklahoma City Thunder,Los Angeles Clippers,Los Angeles Clippers
Milwaukee Bucks,Detroit Pistons,Milwaukee Bucks
Miami Heat,Dallas Mavericks,Miami Heat
Sacramento Kings,Utah Jazz,Utah Jazz
New Orleans Pelicans,Phoenix Suns,Phoenix Suns
Houston Rockets,Los Angeles Lakers,Los Angeles Lakers
Portland Trail Blazers,Cleveland Cavaliers,Cleveland Cavaliers
New York Knicks,Indiana Pacers,Indiana Pacers
Boston Celtics,Orlando Magic,Boston Celtics
Chicago Bulls,Philadelphia 76ers,Philadelphia 76ers
Toronto Raptors,Washington Wizards,Toronto Raptors
Atlanta Hawks,Brooklyn Nets,Brooklyn Nets
Denver Nuggets,Memphis Grizzlies,Memphis Grizzlies
Los Angeles Clippers,Minnesota Timberwolves,Los Angeles Clippers
Dallas Mavericks,San Antonio Spurs,Dallas Mavericks
Charlotte Hornets,Golden State Warriors,Golden State Warriors
New Orleans Pelicans,Sacramento Kings,Sacramento Kings
Philadelphia 76ers,Detroit Pistons,Philadelphia 76ers
Utah Jazz,Atlanta Hawks,Utah Jazz
Boston Celtics,Miami Heat,Boston Celtics
Houston Rockets,Phoenix Suns,Phoenix Suns
Oklahoma City Thunder,Los Angeles Lakers,Oklahoma City Thunder
Brooklyn Nets,Detroit Pistons,Brooklyn Nets
San Antonio Spurs,Orlando Magic,San Antonio Spurs
Memphis Grizzlies,Washington Wizards,Washington Wizards
New York Knicks,Milwaukee Bucks,New York Knicks
Cleveland Cavaliers,Toronto Raptors,Cleveland Cavaliers
Los Angeles Clippers,Minnesota Timberwolves,Los Angeles Clippers
New Orleans Pelicans,Golden State Warriors,Golden State Warriors
Indiana Pacers,Portland Trail Blazers,Portland Trail Blazers
Charlotte Hornets,Sacramento Kings,Sacramento Kings
Houston Rockets,Denver Nuggets,Denver Nuggets
Utah Jazz,Miami Heat,Miami Heat
Philadelphia 76ers,Chicago Bulls,Philadelphia 76ers
Boston Celtics,Dallas Mavericks,Dallas Mavericks
Atlanta Hawks,Phoenix Suns,Phoenix Suns
Los Angeles Lakers,Portland Trail Blazers,Portland Trail Blazers
Brooklyn Nets,Toronto Raptors,Brooklyn Nets
Cleveland Cavaliers,New York Knicks,Cleveland Cavaliers
Utah Jazz,Orlando Magic,Orlando Magic
Indiana Pacers,Sacramento Kings,Indiana Pacers
Milwaukee Bucks,Washington Wizards,Washington Wizards
San Antonio Spurs,Oklahoma City Thunder,Oklahoma City Thunder
Houston Rockets,Golden State Warriors,Golden State Warriors
Charlotte Hornets,Los Angeles Clippers,Los Angeles Clippers
New York Knicks,Philadelphia 76ers,New York Knicks
Brooklyn Nets,Chicago Bulls,Chicago Bulls
Minnesota Timberwolves,Memphis Grizzlies,Memphis Grizzlies
New Orleans Pelicans,Dallas Mavericks,Dallas Mavericks
Miami Heat,Denver Nuggets,Denver Nuggets
Atlanta Hawks,Golden State Warriors,Golden State Warriors
Phoenix Suns,Sacramento Kings,Phoenix Suns
Charlotte Hornets,Los Angeles Lakers,Los Angeles Lakers
Milwaukee Bucks,Philadelphia 76ers,Milwaukee Bucks
Atlanta Hawks,Utah Jazz,Utah Jazz
Portland Trail Blazers,Los Angeles Clippers,Los Angeles Clippers
Washington Wizards,Cleveland Cavaliers,Washington Wizards
Brooklyn Nets,Orlando Magic,Brooklyn Nets
Toronto Raptors,Boston Celtics,Boston Celtics
Detroit Pistons,Houston Rockets,Detroit Pistons
Milwaukee Bucks,New York Knicks,Milwaukee Bucks
Dallas Mavericks,Chicago Bulls,Chicago Bulls
Charlotte Hornets,Memphis Grizzlies,Charlotte Hornets
Oklahoma City Thunder,New Orleans Pelicans,Oklahoma City Thunder
Sacramento Kings,San Antonio Spurs,San Antonio Spurs
Indiana Pacers,Denver Nuggets,Denver Nuggets
Portland Trail Blazers,Phoenix Suns,Phoenix Suns
Minnesota Timberwolves,Golden State Warriors,Golden State Warriors
Miami Heat,Los Angeles Lakers,Los Angeles Lakers
Toronto Raptors,Philadelphia 76ers,Toronto Raptors
Indiana Pacers,Utah Jazz,Indiana Pacers
Miami Heat,Los Angeles Clippers,Los Angeles Clippers
New York Knicks,Charlotte Hornets,Charlotte Hornets
Milwaukee Bucks,Boston Celtics,Boston Celtics
Detroit Pistons,Cleveland Cavaliers,Cleveland Cavaliers
Portland Trail Blazers,Houston Rockets,Portland Trail Blazers
Phoenix Suns,Memphis Grizzlies,Phoenix Suns
Brooklyn Nets,New Orleans Pelicans,Brooklyn Nets
Sacramento Kings,Oklahoma City Thunder,Oklahoma City Thunder
Dallas Mavericks,San Antonio Spurs,Dallas Mavericks
Atlanta Hawks,Denver Nuggets,Denver Nuggets
Chicago Bulls,Golden State Warriors,Golden State Warriors
Minnesota Timberwolves,Los Angeles Lakers,Minnesota Timberwolves
Miami Heat,Utah Jazz,Miami Heat
Philadelphia 76ers,Indiana Pacers,Indiana Pacers
Memphis Grizzlies,New Orleans Pelicans,New Orleans Pelicans
Washington Wizards,Orlando Magic,Washington Wizards
Detroit Pistons,Toronto Raptors,Detroit Pistons
Boston Celtics,Cleveland Cavaliers,Cleveland Cavaliers
Minnesota Timberwolves,Los Angeles Clippers,Los Angeles Clippers
San Antonio Spurs,Los Angeles Lakers,Los Angeles Lakers
Milwaukee Bucks,Atlanta Hawks,Atlanta Hawks
Golden State Warriors,Charlotte Hornets,Charlotte Hornets
Phoenix Suns,Houston Rockets,Phoenix Suns
Brooklyn Nets,Oklahoma City Thunder,Brooklyn Nets
Portland Trail Blazers,Denver Nuggets,Denver Nuggets
Chicago Bulls,Los Angeles Clippers,Chicago Bulls
Boston Celtics,Cleveland Cavaliers,Boston Celtics
Sacramento Kings,Detroit Pistons,Sacramento Kings
New Orleans Pelicans,Washington Wizards,Washington Wizards
Orlando Magic,Atlanta Hawks,Atlanta Hawks
Indiana Pacers,New York Knicks,New York Knicks
Denver Nuggets,Dallas Mavericks,Dallas Mavericks
Houston Rockets,Memphis Grizzlies,Memphis Grizzlies
Phoenix Suns,Minnesota Timberwolves,Phoenix Suns
Miami Heat,Oklahoma City Thunder,Miami Heat
Toronto Raptors,Portland Trail Blazers,Portland Trail Blazers
Chicago Bulls,Los Angeles Lakers,Chicago Bulls
Golden State Warriors,Brooklyn Nets,Golden State Warriors
Philadelphia 76ers,Utah Jazz,Utah Jazz
San Antonio Spurs,Los Angeles Clippers,Los Angeles Clippers
Washington Wizards,Charlotte Hornets,Charlotte Hornets
Indiana Pacers,Detroit Pistons,Detroit Pistons
Boston Celtics,Atlanta Hawks,Atlanta Hawks
Cleveland Cavaliers,Brooklyn Nets,Brooklyn Nets
New Orleans Pelicans,Miami Heat,Miami Heat
Los Angeles Lakers,Milwaukee Bucks,Milwaukee Bucks
Orlando Magic,New York Knicks,Orlando Magic
Sacramento Kings,Minnesota Timberwolves,Minnesota Timberwolves
Houston Rockets,Oklahoma City Thunder,Oklahoma City Thunder
Dallas Mavericks,Phoenix Suns,Phoenix Suns
Chicago Bulls,Portland Trail Blazers,Portland Trail Blazers
Golden State Warriors,Cleveland Cavaliers,Golden State Warriors
Washington Wizards,Miami Heat,Miami Heat
Los Angeles Clippers,Memphis Grizzlies,Memphis Grizzlies
San Antonio Spurs,Minnesota Timberwolves,Minnesota Timberwolves
Philadelphia 76ers,Denver Nuggets,Philadelphia 76ers
Toronto Raptors,Utah Jazz,Utah Jazz
Indiana Pacers,Charlotte Hornets,Charlotte Hornets
Golden State Warriors,Detroit Pistons,Golden State Warriors
Los Angeles Lakers,Boston Celtics,Boston Celtics
Orlando Magic,Brooklyn Nets,Brooklyn Nets
Oklahoma City Thunder,Milwaukee Bucks,Milwaukee Bucks
Los Angeles Clippers,New Orleans Pelicans,New Orleans Pelicans
Chicago Bulls,Denver Nuggets,Chicago Bulls
Dallas Mavericks,Phoenix Suns,Phoenix Suns
Toronto Raptors,Sacramento Kings,Toronto Raptors
Houston Rockets,New York Knicks,New York Knicks
New Orleans Pelicans,Indiana Pacers,Indiana Pacers
Miami Heat,Washington Wizards,Washington Wizards
Charlotte Hornets,Atlanta Hawks,Atlanta Hawks
Oklahoma City Thunder,Boston Celtics,Boston Celtics
Orlando Magic,Milwaukee Bucks,Milwaukee Bucks
Memphis Grizzlies,Minnesota Timberwolves,Minnesota Timberwolves
Philadelphia 76ers,Portland Trail Blazers,Portland Trail Blazers
Utah Jazz,Sacramento Kings,Utah Jazz
Dallas Mavericks,Los Angeles Clippers,Los Angeles Clippers
Los Angeles Lakers,Detroit Pistons,Los Angeles Lakers
New York Knicks,Chicago Bulls,Chicago Bulls
Denver Nuggets,Phoenix Suns,Phoenix Suns
Toronto Raptors,Golden State Warriors,Golden State Warriors
Brooklyn Nets,Cleveland Cavaliers,Brooklyn Nets
Charlotte Hornets,Washington Wizards,Charlotte Hornets
Oklahoma City Thunder,Atlanta Hawks,Atlanta Hawks
Houston Rockets,Boston Celtics,Boston Celtics
Indiana Pacers,Chicago Bulls,Indiana Pacers
Orlando Magic,Milwaukee Bucks,Milwaukee Bucks
Minnesota Timberwolves,New Orleans Pelicans,Minnesota Timberwolves
Phoenix Suns,San Antonio Spurs,Phoenix Suns
Memphis Grizzlies,Utah Jazz,Memphis Grizzlies
Philadelphia 76ers,Sacramento Kings,Philadelphia 76ers
Miami Heat,Detroit Pistons,Miami Heat
Los Angeles Lakers,New York Knicks,New York Knicks
Denver Nuggets,Portland Trail Blazers,Portland Trail Blazers
Dallas Mavericks,Los Angeles Clippers,Dallas Mavericks
Phoenix Suns,Cleveland Cavaliers,Phoenix Suns
Los Angeles Lakers,Indiana Pacers,Los Angeles Lakers
Charlotte Hornets,Orlando Magic,Charlotte Hornets
Brooklyn Nets,Boston Celtics,Brooklyn Nets
Chicago Bulls,Houston Rockets,Houston Rockets
Toronto Raptors,Memphis Grizzlies,Toronto Raptors
Detroit Pistons,Milwaukee Bucks,Milwaukee Bucks
Miami Heat,Minnesota Timberwolves,Minnesota Timberwolves
Washington Wizards,New Orleans Pelicans,New Orleans Pelicans
Utah Jazz,Oklahoma City Thunder,Utah Jazz
Atlanta Hawks,San Antonio Spurs,Atlanta Hawks
Philadelphia 76ers,Golden State Warriors,Golden State Warriors
Portland Trail Blazers,Sacramento Kings,Sacramento Kings
Detroit Pistons,Los Angeles Clippers,Los Angeles Clippers
Minnesota Timberwolves,Charlotte Hornets,Charlotte Hornets
Phoenix Suns,New York Knicks,Phoenix Suns
Chicago Bulls,Orlando Magic,Chicago Bulls
Toronto Raptors,Indiana Pacers,Indiana Pacers
Atlanta Hawks,Memphis Grizzlies,Atlanta Hawks
Washington Wizards,Oklahoma City Thunder,Washington Wizards
Boston Celtics,San Antonio Spurs,San Antonio Spurs
Milwaukee Bucks,Denver Nuggets,Milwaukee Bucks
New Orleans Pelicans,Utah Jazz,New Orleans Pelicans
Portland Trail Blazers,Golden State Warriors,Golden State Warriors
Sacramento Kings,Los Angeles Lakers,Sacramento Kings
Minnesota Timberwolves,Philadelphia 76ers,Minnesota Timberwolves
New York Knicks,Atlanta Hawks,New York Knicks
Phoenix Suns,Brooklyn Nets,Phoenix Suns
Miami Heat,Chicago Bulls,Miami Heat
Orlando Magic,Cleveland Cavaliers,Cleveland Cavaliers
Charlotte Hornets,Houston Rockets,Houston Rockets
Washington Wizards,Dallas Mavericks,Washington Wizards
New Orleans Pelicans,Utah Jazz,Utah Jazz
Golden State Warriors,Los Angeles Clippers,Golden State Warriors
Milwaukee Bucks,Indiana Pacers,Milwaukee Bucks
Sacramento Kings,Memphis Grizzlies,Memphis Grizzlies
Boston Celtics,Toronto Raptors,Boston Celtics
Detroit Pistons,Los Angeles Lakers,Los Angeles Lakers
Orlando Magic,Philadelphia 76ers,Philadelphia 76ers
Denver Nuggets,Miami Heat,Denver Nuggets
Charlotte Hornets,Chicago Bulls,Chicago Bulls
Oklahoma City Thunder,Houston Rockets,Houston Rockets
Indiana Pacers,Minnesota Timberwolves,Minnesota Timberwolves
Cleveland Cavaliers,Dallas Mavericks,Cleveland Cavaliers
Washington Wizards,San Antonio Spurs,San Antonio Spurs
Portland Trail Blazers,Utah Jazz,Utah Jazz
New Orleans Pelicans,Los Angeles Clippers,New Orleans Pelicans
New York Knicks,Brooklyn Nets,Brooklyn Nets
Memphis Grizzlies,Toronto Raptors,Memphis Grizzlies
Golden State Warriors,Phoenix Suns,Phoenix Suns
Detroit Pistons,Portland Trail Blazers,Portland Trail Blazers
Los Angeles Lakers,Sacramento Kings,Los Angeles Lakers
Atlanta Hawks,Indiana Pacers,Atlanta Hawks
Denver Nuggets,Orlando Magic,Orlando Magic
Minnesota Timberwolves,Washington Wizards,Washington Wizards
Philadelphia 76ers,Boston Celtics,Boston Celtics
Cleveland Cavaliers,Miami Heat,Cleveland Cavaliers
Charlotte Hornets,Milwaukee Bucks,Milwaukee Bucks
Dallas Mavericks,New Orleans Pelicans,Dallas Mavericks
Houston Rockets,Oklahoma City Thunder,Houston Rockets
Sacramento Kings,Los Angeles Clippers,Sacramento Kings
Chicago Bulls,New York Knicks,Chicago Bulls
Milwaukee Bucks,Toronto Raptors,Toronto Raptors
Oklahoma City Thunder,Memphis Grizzlies,Memphis Grizzlies
Detroit Pistons,Phoenix Suns,Phoenix Suns
San Antonio Spurs,Portland Trail Blazers,San Antonio Spurs
Miami Heat,Indiana Pacers,Miami Heat
Cleveland Cavaliers,Washington Wizards,Cleveland Cavaliers
Philadelphia 76ers,Atlanta Hawks,Philadelphia 76ers
Minnesota Timberwolves,Brooklyn Nets,Brooklyn Nets
Orlando Magic,Houston Rockets,Houston Rockets
New Orleans Pelicans,Dallas Mavericks,New Orleans Pelicans
Boston Celtics,Utah Jazz,Utah Jazz
Phoenix Suns,Golden State Warriors,Golden State Warriors
Los Angeles Clippers,Los Angeles Lakers,Los Angeles Clippers
Denver Nuggets,New York Knicks,Denver Nuggets
Chicago Bulls,Brooklyn Nets,Chicago Bulls
Miami Heat,Milwaukee Bucks,Milwaukee Bucks
Memphis Grizzlies,Dallas Mavericks,Memphis Grizzlies
San Antonio Spurs,Golden State Warriors,San Antonio Spurs
Boston Celtics,Portland Trail Blazers,Boston Celtics
Los Angeles Clippers,Sacramento Kings,Sacramento Kings
Utah Jazz,Cleveland Cavaliers,Utah Jazz
Charlotte Hornets,Atlanta Hawks,Charlotte Hornets
Washington Wizards,Toronto Raptors,Toronto Raptors
New Orleans Pelicans,Houston Rockets,Houston Rockets
Philadelphia 76ers,Charlotte Hornets,Philadelphia 76ers
Oklahoma City Thunder,Detroit Pistons,Oklahoma City Thunder
Washington Wizards,Indiana Pacers,Indiana Pacers
Memphis Grizzlies,Miami Heat,Memphis Grizzlies
Denver Nuggets,Chicago Bulls,Chicago Bulls
Cleveland Cavaliers,Milwaukee Bucks,Milwaukee Bucks
Atlanta Hawks,Minnesota Timberwolves,Atlanta Hawks
San Antonio Spurs,Phoenix Suns,Phoenix Suns
Orlando Magic,Golden State Warriors,Golden State Warriors
Los Angeles Clippers,Portland Trail Blazers,Los Angeles Clippers
Brooklyn Nets,Dallas Mavericks,Brooklyn Nets
New York Knicks,San Antonio Spurs,New York Knicks
Boston Celtics,Los Angeles Lakers,Los Angeles Lakers
Philadelphia 76ers,Charlotte Hornets,Philadelphia 76ers
Chicago Bulls,Cleveland Cavaliers,Cleveland Cavaliers
Washington Wizards,Detroit Pistons,Washington Wizards
New York Knicks,Indiana Pacers,Indiana Pacers
Milwaukee Bucks,Miami Heat,Miami Heat
Oklahoma City Thunder,Toronto Raptors,Oklahoma City Thunder
Brooklyn Nets,Houston Rockets,Houston Rockets
Dallas Mavericks,Memphis Grizzlies,Dallas Mavericks
Utah Jazz,Minnesota Timberwolves,Utah Jazz
Denver Nuggets,New Orleans Pelicans,Denver Nuggets
Portland Trail Blazers,Golden State Warriors,Golden State Warriors
Orlando Magic,Sacramento Kings,Sacramento Kings
Boston Celtics,Los Angeles Clippers,Los Angeles Clippers
Utah Jazz,Philadelphia 76ers,Utah Jazz
Los Angeles Lakers,Memphis Grizzlies,Memphis Grizzlies
Denver Nuggets,San Antonio Spurs,San Antonio Spurs
Sacramento Kings,Charlotte Hornets,Charlotte Hornets
Dallas Mavericks,Indiana Pacers,Indiana Pacers
Brooklyn Nets,Atlanta Hawks,Brooklyn Nets
New York Knicks,Toronto Raptors,Toronto Raptors
Milwaukee Bucks,Houston Rockets,Milwaukee Bucks
Cleveland Cavaliers,Minnesota Timberwolves,Cleveland Cavaliers
Detroit Pistons,New Orleans Pelicans,New Orleans Pelicans
Los Angeles Lakers,Oklahoma City Thunder,Los Angeles Lakers
Boston Celtics,Phoenix Suns,Phoenix Suns
Orlando Magic,Los Angeles Clippers,Los Angeles Clippers
Utah Jazz,Washington Wizards,Utah Jazz
Sacramento Kings,Cleveland Cavaliers,Cleveland Cavaliers
Houston Rockets,Memphis Grizzlies,Memphis Grizzlies
Chicago Bulls,Miami Heat,Miami Heat
Golden State Warriors,Philadelphia 76ers,Philadelphia 76ers
Denver Nuggets,San Antonio Spurs,Denver Nuggets
Milwaukee Bucks,New York Knicks,Milwaukee Bucks
Brooklyn Nets,Detroit Pistons,Brooklyn Nets
Dallas Mavericks,Oklahoma City Thunder,Dallas Mavericks
New Orleans Pelicans,San Antonio Spurs,San Antonio Spurs
Minnesota Timberwolves,Portland Trail Blazers,Minnesota Timberwolves
Orlando Magic,Los Angeles Lakers,Los Angeles Lakers
Miami Heat,Cleveland Cavaliers,Cleveland Cavaliers
Golden State Warriors,Indiana Pacers,Golden State Warriors
Sacramento Kings,Toronto Raptors,Toronto Raptors
Houston Rockets,Atlanta Hawks,Houston Rockets
Milwaukee Bucks,Boston Celtics,Boston Celtics
Philadelphia 76ers,Memphis Grizzlies,Memphis Grizzlies
Charlotte Hornets,Dallas Mavericks,Dallas Mavericks
Washington Wizards,Denver Nuggets,Denver Nuggets
Phoenix Suns,Los Angeles Clippers,Los Angeles Clippers
Toronto Raptors,Brooklyn Nets,Brooklyn Nets
Golden State Warriors,New York Knicks,Golden State Warriors
Phoenix Suns,Portland Trail Blazers,Phoenix Suns
Houston Rockets,Cleveland Cavaliers,Cleveland Cavaliers
Atlanta Hawks,Orlando Magic,Atlanta Hawks
Miami Heat,Philadelphia 76ers,Miami Heat
Los Angeles Lakers,Dallas Mavericks,Los Angeles Lakers
Indiana Pacers,Milwaukee Bucks,Milwaukee Bucks
New Orleans Pelicans,Oklahoma City Thunder,New Orleans Pelicans
Charlotte Hornets,San Antonio Spurs,Charlotte Hornets
Minnesota Timberwolves,Denver Nuggets,Minnesota Timberwolves
Memphis Grizzlies,Portland Trail Blazers,Memphis Grizzlies
Washington Wizards,Sacramento Kings,Sacramento Kings
Los Angeles Clippers,Utah Jazz,Utah Jazz
Detroit Pistons,Indiana Pacers,Indiana Pacers
Philadelphia 76ers,Brooklyn Nets,Brooklyn Nets
New York Knicks,Houston Rockets,New York Knicks
Washington Wizards,Phoenix Suns,Phoenix Suns
Miami Heat,Orlando Magic,Miami Heat
Denver Nuggets,Atlanta Hawks,Denver Nuggets
Golden State Warriors,Boston Celtics,Golden State Warriors
Milwaukee Bucks,New Orleans Pelicans,New Orleans Pelicans
San Antonio Spurs,Utah Jazz,San Antonio Spurs
Los Angeles Lakers,Minnesota Timberwolves,Minnesota Timberwolves
Charlotte Hornets,Portland Trail Blazers,Portland Trail Blazers
Memphis Grizzlies,Sacramento Kings,Memphis Grizzlies
Houston Rockets,Detroit Pistons,Houston Rockets
New York Knicks,Boston Celtics,Boston Celtics
Orlando Magic,Brooklyn Nets,Orlando Magic
Golden State Warriors,Toronto Raptors,Toronto Raptors
Los Angeles Clippers,Oklahoma City Thunder,Oklahoma City Thunder
Cleveland Cavaliers,Milwaukee Bucks,Cleveland Cavaliers
Washington Wizards,Utah Jazz,Washington Wizards
Miami Heat,Detroit Pistons,Detroit Pistons
Portland Trail Blazers,Memphis Grizzlies,Portland Trail Blazers
San Antonio Spurs,Sacramento Kings,Sacramento Kings
Los Angeles Lakers,Chicago Bulls,Chicago Bulls
Dallas Mavericks,Minnesota Timberwolves,Minnesota Timberwolves
Charlotte Hornets,Phoenix Suns,Phoenix Suns
Philadelphia 76ers,Boston Celtics,Philadelphia 76ers
Houston Rockets,Chicago Bulls,Chicago Bulls
Oklahoma City Thunder,Memphis Grizzlies,Oklahoma City Thunder
Charlotte Hornets,Utah Jazz,Utah Jazz
Sacramento Kings,Golden State Warriors,Golden State Warriors
San Antonio Spurs,Los Angeles Clippers,San Antonio Spurs
Indiana Pacers,Miami Heat,Miami Heat
Detroit Pistons,New York Knicks,New York Knicks
Portland Trail Blazers,New Orleans Pelicans,New Orleans Pelicans
Minnesota Timberwolves,Dallas Mavericks,Dallas Mavericks
Phoenix Suns,Los Angeles Lakers,Phoenix Suns
Orlando Magic,Atlanta Hawks,Orlando Magic
Cleveland Cavaliers,Boston Celtics,Boston Celtics
Houston Rockets,Milwaukee Bucks,Milwaukee Bucks
Denver Nuggets,Oklahoma City Thunder,Oklahoma City Thunder
Los Angeles Clippers,Sacramento Kings,Los Angeles Clippers
Houston Rockets,Indiana Pacers,Indiana Pacers
New Orleans Pelicans,Orlando Magic,New Orleans Pelicans
Atlanta Hawks,Philadelphia 76ers,Atlanta Hawks
Detroit Pistons,Miami Heat,Miami Heat
Washington Wizards,New York Knicks,Washington Wizards
Milwaukee Bucks,Dallas Mavericks,Milwaukee Bucks
Charlotte Hornets,Denver Nuggets,Charlotte Hornets
Oklahoma City Thunder,Phoenix Suns,Phoenix Suns
Minnesota Timberwolves,Utah Jazz,Utah Jazz
Memphis Grizzlies,Golden State Warriors,Golden State Warriors
San Antonio Spurs,Los Angeles Lakers,San Antonio Spurs
Atlanta Hawks,New York Knicks,New York Knicks
Boston Celtics,Milwaukee Bucks,Milwaukee Bucks
Golden State Warriors,Phoenix Suns,Golden State Warriors
Brooklyn Nets,Los Angeles Lakers,Brooklyn Nets
Dallas Mavericks,Utah Jazz,Utah Jazz
Orlando Magic,Miami Heat,Miami Heat
Toronto Raptors,Cleveland Cavaliers,Cleveland Cavaliers
Memphis Grizzlies,Sacramento Kings,Memphis Grizzlies
Philadelphia 76ers,Washington Wizards,Philadelphia 76ers
New Orleans Pelicans,Oklahoma City Thunder,Oklahoma City Thunder
Detroit Pistons,San Antonio Spurs,San Antonio Spurs
Indiana Pacers,Chicago Bulls,Chicago Bulls
Denver Nuggets,Los Angeles Clippers,Denver Nuggets
Houston Rockets,Charlotte Hornets,Charlotte Hornets
Chicago Bulls,Atlanta Hawks,Chicago Bulls
Boston Celtics,Minnesota Timberwolves,Minnesota Timberwolves
Utah Jazz,San Antonio Spurs,Utah Jazz
Memphis Grizzlies,Phoenix Suns,Memphis Grizzlies
Dallas Mavericks,Portland Trail Blazers,Dallas Mavericks
Brooklyn Nets,Los Angeles Clippers,Brooklyn Nets
Milwaukee Bucks,Orlando Magic,Milwaukee Bucks
Washington Wizards,Miami Heat,Miami Heat
Philadelphia 76ers,Toronto Raptors,Philadelphia 76ers
Los Angeles Lakers,Houston Rockets,Los Angeles Lakers
New York Knicks,Minnesota Timberwolves,New York Knicks
Cleveland Cavaliers,New Orleans Pelicans,New Orleans Pelicans
Denver Nuggets,Golden State Warriors,Denver Nuggets
Oklahoma City Thunder,Sacramento Kings,Sacramento Kings
New York Knicks,Detroit Pistons,New York Knicks
Charlotte Hornets,Indiana Pacers,Charlotte Hornets
Los Angeles Clippers,Boston Celtics,Los Angeles Clippers
Atlanta Hawks,Chicago Bulls,Chicago Bulls
Los Angeles Lakers,Memphis Grizzlies,Memphis Grizzlies
Oklahoma City Thunder,Phoenix Suns,Phoenix Suns
Utah Jazz,Portland Trail Blazers,Utah Jazz
Dallas Mavericks,Sacramento Kings,Sacramento Kings
Philadelphia 76ers,Brooklyn Nets,Philadelphia 76ers
Milwaukee Bucks,Orlando Magic,Milwaukee Bucks
Cleveland Cavaliers,Washington Wizards,Washington Wizards
Phoenix Suns,Boston Celtics,Boston Celtics
Chicago Bulls,Indiana Pacers,Chicago Bulls
Dallas Mavericks,Sacramento Kings,Dallas Mavericks
Miami Heat,Houston Rockets,Miami Heat
Atlanta Hawks,Cleveland Cavaliers,Atlanta Hawks
Los Angeles Clippers,Toronto Raptors,Toronto Raptors
San Antonio Spurs,Memphis Grizzlies,Memphis Grizzlies
New York Knicks,Oklahoma City Thunder,Oklahoma City Thunder
Minnesota Timberwolves,Utah Jazz,Utah Jazz
Portland Trail Blazers,Los Angeles Lakers,Los Angeles Lakers
New Orleans Pelicans,Milwaukee Bucks,Milwaukee Bucks
San Antonio Spurs,Detroit Pistons,Detroit Pistons
Chicago Bulls,Washington Wizards,Chicago Bulls
Los Angeles Clippers,Brooklyn Nets,Los Angeles Clippers
Denver Nuggets,Houston Rockets,Denver Nuggets
Golden State Warriors,Utah Jazz,Golden State Warriors
New York Knicks,Toronto Raptors,Toronto Raptors
Orlando Magic,Boston Celtics,Boston Celtics
Indiana Pacers,Cleveland Cavaliers,Cleveland Cavaliers
Miami Heat,Sacramento Kings,Sacramento Kings
Phoenix Suns,Charlotte Hornets,Phoenix Suns
Dallas Mavericks,Oklahoma City Thunder,Dallas Mavericks
Minnesota Timberwolves,Los Angeles Lakers,Los Angeles Lakers
Houston Rockets,Philadelphia 76ers,Philadelphia 76ers
Charlotte Hornets,Washington Wizards,Washington Wizards
Memphis Grizzlies,Brooklyn Nets,Memphis Grizzlies
Orlando Magic,Chicago Bulls,Chicago Bulls
Detroit Pistons,Milwaukee Bucks,Detroit Pistons
Utah Jazz,New Orleans Pelicans,Utah Jazz
Denver Nuggets,Dallas Mavericks,Dallas Mavericks
Miami Heat,Golden State Warriors,Golden State Warriors
Atlanta Hawks,Portland Trail Blazers,Portland Trail Blazers
Minnesota Timberwolves,Los Angeles Clippers,Minnesota Timberwolves
Memphis Grizzlies,Cleveland Cavaliers,Memphis Grizzlies
San Antonio Spurs,Toronto Raptors,Toronto Raptors
Indiana Pacers,New York Knicks,New York Knicks
Phoenix Suns,New Orleans Pelicans,Phoenix Suns
Sacramento Kings,Los Angeles Lakers,Los Angeles Lakers
Detroit Pistons,Charlotte Hornets,Charlotte Hornets
Philadelphia 76ers,Orlando Magic,Philadelphia 76ers
Houston Rockets,Washington Wizards,Houston Rockets
San Antonio Spurs,Boston Celtics,San Antonio Spurs
Golden State Warriors,Dallas Mavericks,Dallas Mavericks
Brooklyn Nets,Indiana Pacers,Brooklyn Nets
Toronto Raptors,Milwaukee Bucks,Toronto Raptors
Oklahoma City Thunder,Minnesota Timberwolves,Minnesota Timberwolves
Utah Jazz,Denver Nuggets,Utah Jazz
Miami Heat,Portland Trail Blazers,Miami Heat
Atlanta Hawks,Sacramento Kings,Atlanta Hawks
Boston Celtics,New York Knicks,New York Knicks
Detroit Pistons,Memphis Grizzlies,Memphis Grizzlies
Golden State Warriors,New Orleans Pelicans,New Orleans Pelicans
Los Angeles Clippers,Phoenix Suns,Phoenix Suns
San Antonio Spurs,Philadelphia 76ers,Philadelphia 76ers
Milwaukee Bucks,Brooklyn Nets,Milwaukee Bucks
Utah Jazz,Toronto Raptors,Toronto Raptors
Washington Wizards,Chicago Bulls,Chicago Bulls
Dallas Mavericks,Houston Rockets,Dallas Mavericks
Minnesota Timberwolves,Oklahoma City Thunder,Minnesota Timberwolves
Sacramento Kings,Denver Nuggets,Denver Nuggets
Atlanta Hawks,Los Angeles Lakers,Los Angeles Lakers
Cleveland Cavaliers,Portland Trail Blazers,Cleveland Cavaliers
Memphis Grizzlies,Los Angeles Clippers,Memphis Grizzlies
Milwaukee Bucks,Charlotte Hornets,Charlotte Hornets
Orlando Magic,Detroit Pistons,Detroit Pistons
Utah Jazz,Indiana Pacers,Indiana Pacers
New York Knicks,Boston Celtics,Boston Celtics
Miami Heat,Phoenix Suns,Miami Heat
San Antonio Spurs,Brooklyn Nets,Brooklyn Nets
Atlanta Hawks,Los Angeles Clippers,Los Angeles Clippers
Washington Wizards,Orlando Magic,Washington Wizards
New Orleans Pelicans,Toronto Raptors,Toronto Raptors
Minnesota Timberwolves,Houston Rockets,Minnesota Timberwolves
Denver Nuggets,Oklahoma City Thunder,Denver Nuggets
Chicago Bulls,Dallas Mavericks,Dallas Mavericks
Cleveland Cavaliers,Golden State Warriors,Golden State Warriors
Sacramento Kings,Portland Trail Blazers,Portland Trail Blazers
Memphis Grizzlies,Los Angeles Lakers,Memphis Grizzlies
Milwaukee Bucks,Charlotte Hornets,Charlotte Hornets
Utah Jazz,Detroit Pistons,Detroit Pistons
Indiana Pacers,Boston Celtics,Boston Celtics
San Antonio Spurs,New York Knicks,New York Knicks
Philadelphia 76ers,Houston Rockets,Philadelphia 76ers
Brooklyn Nets,Portland Trail Blazers,Portland Trail Blazers
Cleveland Cavaliers,Sacramento Kings,Cleveland Cavaliers
Oklahoma City Thunder,Washington Wizards,Washington Wizards
Phoenix Suns,Toronto Raptors,Phoenix Suns
Detroit Pistons,Chicago Bulls,Chicago Bulls
Golden State Warriors,Memphis Grizzlies,Memphis Grizzlies
Minnesota Timberwolves,New Orleans Pelicans,New Orleans Pelicans
Denver Nuggets,Los Angeles Clippers,Los Angeles Clippers
Boston Celtics,Indiana Pacers,Boston Celtics
Charlotte Hornets,Philadelphia 76ers,Charlotte Hornets
Orlando Magic,Washington Wizards,Washington Wizards
Miami Heat,Atlanta Hawks,Miami Heat
Dallas Mavericks,New York Knicks,New York Knicks
Houston Rockets,San Antonio Spurs,Houston Rockets
Cleveland Cavaliers,Utah Jazz,Cleveland Cavaliers
Brooklyn Nets,Chicago Bulls,Brooklyn Nets
Los Angeles Lakers,Sacramento Kings,Sacramento Kings
Golden State Warriors,Milwaukee Bucks,Milwaukee Bucks
Minnesota Timberwolves,Memphis Grizzlies,Memphis Grizzlies
Los Angeles Clippers,New Orleans Pelicans,New Orleans Pelicans
Oklahoma City Thunder,Brooklyn Nets,Oklahoma City Thunder
Portland Trail Blazers,Denver Nuggets,Denver Nuggets
Orlando Magic,Charlotte Hornets,Orlando Magic
Toronto Raptors,Detroit Pistons,Detroit Pistons
Phoenix Suns,Indiana Pacers,Phoenix Suns
Boston Celtics,Philadelphia 76ers,Philadelphia 76ers
Golden State Warriors,Chicago Bulls,Golden State Warriors
Atlanta Hawks,Miami Heat,Miami Heat
Cleveland Cavaliers,San Antonio Spurs,Cleveland Cavaliers
Dallas Mavericks,Memphis Grizzlies,Dallas Mavericks
Houston Rockets,Sacramento Kings,Sacramento Kings
Toronto Raptors,Milwaukee Bucks,Toronto Raptors
Portland Trail Blazers,Washington Wizards,Portland Trail Blazers
New York Knicks,Atlanta Hawks,New York Knicks
New Orleans Pelicans,Brooklyn Nets,Brooklyn Nets
Philadelphia 76ers,Miami Heat,Philadelphia 76ers
Cleveland Cavaliers,Oklahoma City Thunder,Cleveland Cavaliers
Chicago Bulls,Boston Celtics,Boston Celtics
Los Angeles Clippers,San Antonio Spurs,San Antonio Spurs
Los Angeles Lakers,Denver Nuggets,Denver Nuggets
Orlando Magic,Dallas Mavericks,Dallas Mavericks
Phoenix Suns,Detroit Pistons,Phoenix Suns
Houston Rockets,Sacramento Kings,Houston Rockets
Utah Jazz,Denver Nuggets,Utah Jazz
Golden State Warriors,Minnesota Timberwolves,Minnesota Timberwolves
New Orleans Pelicans,Boston Celtics,Boston Celtics
Charlotte Hornets,New York Knicks,Charlotte Hornets
Philadelphia 76ers,Washington Wizards,Washington Wizards
Brooklyn Nets,Cleveland Cavaliers,Cleveland Cavaliers
Indiana Pacers,Los Angeles Clippers,Los Angeles Clippers
Chicago Bulls,Memphis Grizzlies,Memphis Grizzlies
Milwaukee Bucks,Atlanta Hawks,Atlanta Hawks
Portland Trail Blazers,Orlando Magic,Portland Trail Blazers
Toronto Raptors,Miami Heat,Miami Heat
Oklahoma City Thunder,Dallas Mavericks,Dallas Mavericks
Phoenix Suns,San Antonio Spurs,Phoenix Suns
Utah Jazz,Los Angeles Lakers,Los Angeles Lakers
Minnesota Timberwolves,New York Knicks,Minnesota Timberwolves
Detroit Pistons,Golden State Warriors,Golden State Warriors
Orlando Magic,Philadelphia 76ers,Philadelphia 76ers
Brooklyn Nets,Washington Wizards,Brooklyn Nets
Minnesota Timberwolves,Atlanta Hawks,Atlanta Hawks
Charlotte Hornets,Boston Celtics,Charlotte Hornets
Portland Trail Blazers,Miami Heat,Miami Heat
Cleveland Cavaliers,Chicago Bulls,Chicago Bulls
Memphis Grizzlies,Milwaukee Bucks,Milwaukee Bucks
Toronto Raptors,Dallas Mavericks,Dallas Mavericks
Oklahoma City Thunder,San Antonio Spurs,San Antonio Spurs
Houston Rockets,Utah Jazz,Houston Rockets
Los Angeles Clippers,Denver Nuggets,Denver Nuggets
Detroit Pistons,Sacramento Kings,Detroit Pistons
Indiana Pacers,Los Angeles Lakers,Indiana Pacers
Phoenix Suns,Dallas Mavericks,Phoenix Suns
New Orleans Pelicans,New York Knicks,New Orleans Pelicans
Indiana Pacers,Golden State Warriors,Indiana Pacers
Oklahoma City Thunder,Charlotte Hornets,Charlotte Hornets
Los Angeles Lakers,Orlando Magic,Los Angeles Lakers
Los Angeles Clippers,Philadelphia 76ers,Los Angeles Clippers
Miami Heat,Atlanta Hawks,Atlanta Hawks
Portland Trail Blazers,Boston Celtics,Portland Trail Blazers
Chicago Bulls,Milwaukee Bucks,Milwaukee Bucks
Toronto Raptors,Washington Wizards,Toronto Raptors
Brooklyn Nets,San Antonio Spurs,Brooklyn Nets
Memphis Grizzlies,Denver Nuggets,Memphis Grizzlies
Detroit Pistons,Utah Jazz,Utah Jazz
Houston Rockets,Golden State Warriors,Golden State Warriors
Sacramento Kings,Milwaukee Bucks,Milwaukee Bucks
Oklahoma City Thunder,Cleveland Cavaliers,Cleveland Cavaliers
Indiana Pacers,Phoenix Suns,Phoenix Suns
Los Angeles Clippers,New York Knicks,New York Knicks
Boston Celtics,Washington Wizards,Boston Celtics
Los Angeles Lakers,Miami Heat,Miami Heat
Chicago Bulls,Orlando Magic,Orlando Magic
Portland Trail Blazers,Toronto Raptors,Portland Trail Blazers
Atlanta Hawks,Charlotte Hornets,Atlanta Hawks
Philadelphia 76ers,San Antonio Spurs,Philadelphia 76ers
Memphis Grizzlies,Dallas Mavericks,Dallas Mavericks
Detroit Pistons,Denver Nuggets,Denver Nuggets
Brooklyn Nets,Minnesota Timberwolves,Minnesota Timberwolves
Utah Jazz,Golden State Warriors,Golden State Warriors
New York Knicks,Cleveland Cavaliers,Cleveland Cavaliers
Indiana Pacers,New Orleans Pelicans,New Orleans Pelicans
Chicago Bulls,Oklahoma City Thunder,Chicago Bulls
Utah Jazz,Phoenix Suns,Phoenix Suns
Denver Nuggets,Detroit Pistons,Denver Nuggets
New Orleans Pelicans,Philadelphia 76ers,Philadelphia 76ers
Charlotte Hornets,Toronto Raptors,Toronto Raptors
Los Angeles Clippers,Washington Wizards,Los Angeles Clippers
Sacramento Kings,Boston Celtics,Boston Celtics
Los Angeles Lakers,Brooklyn Nets,Los Angeles Lakers
San Antonio Spurs,Houston Rockets,San Antonio Spurs
Dallas Mavericks,Golden State Warriors,Golden State Warriors
Minnesota Timberwolves,Portland Trail Blazers,Minnesota Timberwolves
Milwaukee Bucks,Cleveland Cavaliers,Cleveland Cavaliers
Charlotte Hornets,Indiana Pacers,Charlotte Hornets
Los Angeles Clippers,Orlando Magic,Los Angeles Clippers
Sacramento Kings,Atlanta Hawks,Atlanta Hawks
New York Knicks,Miami Heat,Miami Heat
Denver Nuggets,Brooklyn Nets,Denver Nuggets
Toronto Raptors,Chicago Bulls,Chicago Bulls
Memphis Grizzlies,San Antonio Spurs,Memphis Grizzlies
Dallas Mavericks,Portland Trail Blazers,Dallas Mavericks
Phoenix Suns,Utah Jazz,Phoenix Suns
Los Angeles Lakers,Philadelphia 76ers,Philadelphia 76ers
Minnesota Timberwolves,Golden State Warriors,Golden State Warriors
Detroit Pistons,Orlando Magic,Orlando Magic
Boston Celtics,Atlanta Hawks,Atlanta Hawks
Los Angeles Lakers,Charlotte Hornets,Charlotte Hornets
Portland Trail Blazers,Houston Rockets,Portland Trail Blazers
Utah Jazz,Memphis Grizzlies,Memphis Grizzlies
Los Angeles Clippers,Miami Heat,Miami Heat
Denver Nuggets,New Orleans Pelicans,Denver Nuggets
Indiana Pacers,Oklahoma City Thunder,Indiana Pacers
Chicago Bulls,San Antonio Spurs,San Antonio Spurs
Minnesota Timberwolves,Phoenix Suns,Phoenix Suns
New York Knicks,Milwaukee Bucks,Milwaukee Bucks
Indiana Pacers,Dallas Mavericks,Dallas Mavericks
Boston Celtics,New Orleans Pelicans,Boston Celtics
Sacramento Kings,Philadelphia 76ers,Philadelphia 76ers
Washington Wizards,Memphis Grizzlies,Memphis Grizzlies
Toronto Raptors,Miami Heat,Toronto Raptors
Brooklyn Nets,Golden State Warriors,Golden State Warriors
Los Angeles Lakers,Atlanta Hawks,Atlanta Hawks
Los Angeles Clippers,Charlotte Hornets,Los Angeles Clippers
Portland Trail Blazers,Chicago Bulls,Chicago Bulls
Cleveland Cavaliers,Detroit Pistons,Detroit Pistons
Denver Nuggets,Milwaukee Bucks,Denver Nuggets
Dallas Mavericks,Orlando Magic,Orlando Magic
Utah Jazz,Minnesota Timberwolves,Minnesota Timberwolves
San Antonio Spurs,Phoenix Suns,Phoenix Suns
New Orleans Pelicans,Cleveland Cavaliers,Cleveland Cavaliers
Los Angeles Clippers,Indiana Pacers,Indiana Pacers
Memphis Grizzlies,Philadelphia 76ers,Philadelphia 76ers
Toronto Raptors,Atlanta Hawks,Toronto Raptors
Miami Heat,Boston Celtics,Boston Celtics
Sacramento Kings,New York Knicks,New York Knicks
Golden State Warriors,Houston Rockets,Golden State Warriors
Portland Trail Blazers,Oklahoma City Thunder,Oklahoma City Thunder
New Orleans Pelicans,Detroit Pistons,New Orleans Pelicans
Washington Wizards,Milwaukee Bucks,Milwaukee Bucks
Miami Heat,Toronto Raptors,Toronto Raptors
Orlando Magic,Chicago Bulls,Chicago Bulls
Denver Nuggets,Minnesota Timberwolves,Minnesota Timberwolves
Golden State Warriors,San Antonio Spurs,Golden State Warriors
Brooklyn Nets,Phoenix Suns,Phoenix Suns
Orlando Magic,Indiana Pacers,Orlando Magic
Washington Wizards,Philadelphia 76ers,Washington Wizards
Charlotte Hornets,Boston Celtics,Boston Celtics
Memphis Grizzlies,New York Knicks,Memphis Grizzlies
Cleveland Cavaliers,Houston Rockets,Houston Rockets
Oklahoma City Thunder,Dallas Mavericks,Oklahoma City Thunder
Brooklyn Nets,Sacramento Kings,Sacramento Kings
Denver Nuggets,Utah Jazz,Utah Jazz
Portland Trail Blazers,Los Angeles Lakers,Los Angeles Lakers
Minnesota Timberwolves,Detroit Pistons,Minnesota Timberwolves
Miami Heat,San Antonio Spurs,Miami Heat
Phoenix Suns,Atlanta Hawks,Atlanta Hawks
Chicago Bulls,Toronto Raptors,Toronto Raptors
Sacramento Kings,Golden State Warriors,Golden State Warriors
Los Angeles Lakers,Los Angeles Clippers,Los Angeles Clippers
Cleveland Cavaliers,Charlotte Hornets,Cleveland Cavaliers
Boston Celtics,Detroit Pistons,Boston Celtics
Chicago Bulls,Indiana Pacers,Chicago Bulls
Atlanta Hawks,Toronto Raptors,Toronto Raptors
Houston Rockets,San Antonio Spurs,San Antonio Spurs
New Orleans Pelicans,Denver Nuggets,New Orleans Pelicans
Brooklyn Nets,Utah Jazz,Utah Jazz
Philadelphia 76ers,Dallas Mavericks,Dallas Mavericks
Oklahoma City Thunder,Portland Trail Blazers,Oklahoma City Thunder
Memphis Grizzlies,Orlando Magic,Memphis Grizzlies
Miami Heat,Charlotte Hornets,Miami Heat
Phoenix Suns,Washington Wizards,Phoenix Suns
New York Knicks,Los Angeles Lakers,Los Angeles Lakers
Milwaukee Bucks,Portland Trail Blazers,Milwaukee Bucks
Oklahoma City Thunder,Sacramento Kings,Sacramento Kings
Philadelphia 76ers,Chicago Bulls,Philadelphia 76ers
Brooklyn Nets,Denver Nuggets,Denver Nuggets
Detroit Pistons,Minnesota Timberwolves,Minnesota Timberwolves
Indiana Pacers,Cleveland Cavaliers,Cleveland Cavaliers
Atlanta Hawks,Dallas Mavericks,Dallas Mavericks
Boston Celtics,Orlando Magic,Boston Celtics
New Orleans Pelicans,Houston Rockets,New Orleans Pelicans
Milwaukee Bucks,Los Angeles Clippers,Milwaukee Bucks
Toronto Raptors,Charlotte Hornets,Toronto Raptors
Miami Heat,Washington Wizards,Miami Heat
Phoenix Suns,Chicago Bulls,Phoenix Suns
Golden State Warriors,Oklahoma City Thunder,Golden State Warriors
New York Knicks,Utah Jazz,Utah Jazz
Phoenix Suns,Philadelphia 76ers,Phoenix Suns
Indiana Pacers,Atlanta Hawks,Atlanta Hawks
Boston Celtics,Brooklyn Nets,Boston Celtics
Los Angeles Clippers,Memphis Grizzlies,Memphis Grizzlies
Houston Rockets,New Orleans Pelicans,New Orleans Pelicans
Detroit Pistons,Dallas Mavericks,Dallas Mavericks
New York Knicks,Denver Nuggets,Denver Nuggets
Milwaukee Bucks,Los Angeles Lakers,Milwaukee Bucks
Orlando Magic,Portland Trail Blazers,Orlando Magic
Minnesota Timberwolves,Sacramento Kings,Minnesota Timberwolves
San Antonio Spurs,Cleveland Cavaliers,Cleveland Cavaliers
Chicago Bulls,Charlotte Hornets,Chicago Bulls
Toronto Raptors,Oklahoma City Thunder,Toronto Raptors
Los Angeles Lakers,Portland Trail Blazers,Portland Trail Blazers
Minnesota Timberwolves,Sacramento Kings,Sacramento Kings
Golden State Warriors,Utah Jazz,Utah Jazz
Memphis Grizzlies,Detroit Pistons,Memphis Grizzlies
Miami Heat,New Orleans Pelicans,Miami Heat
Brooklyn Nets,Washington Wizards,Washington Wizards
Toronto Raptors,Houston Rockets,Toronto Raptors
Los Angeles Clippers,Dallas Mavericks,Dallas Mavericks
New York Knicks,Golden State Warriors,New York Knicks
Milwaukee Bucks,Phoenix Suns,Phoenix Suns
Charlotte Hornets,Detroit Pistons,Charlotte Hornets
Cleveland Cavaliers,Indiana Pacers,Cleveland Cavaliers
Oklahoma City Thunder,Philadelphia 76ers,Philadelphia 76ers
San Antonio Spurs,Atlanta Hawks,San Antonio Spurs
Denver Nuggets,Boston Celtics,Boston Celtics
Minnesota Timberwolves,Chicago Bulls,Chicago Bulls
Orlando Magic,Utah Jazz,Utah Jazz
New York Knicks,Portland Trail Blazers,Portland Trail Blazers
Memphis Grizzlies,Charlotte Hornets,Memphis Grizzlies
San Antonio Spurs,New Orleans Pelicans,San Antonio Spurs
Sacramento Kings,Washington Wizards,Sacramento Kings
Cleveland Cavaliers,Philadelphia 76ers,Philadelphia 76ers
Denver Nuggets,Toronto Raptors,Denver Nuggets
Oklahoma City Thunder,Chicago Bulls,Chicago Bulls
Brooklyn Nets,Miami Heat,Miami Heat
Los Angeles Clippers,Dallas Mavericks,Los Angeles Clippers
Los Angeles Lakers,Golden State Warriors,Golden State Warriors
Orlando Magic,Phoenix Suns,Phoenix Suns
Atlanta Hawks,Boston Celtics,Boston Celtics
Minnesota Timberwolves,Indiana Pacers,Minnesota Timberwolves
Detroit Pistons,Washington Wizards,Washington Wizards
Sacramento Kings,Brooklyn Nets,Brooklyn Nets
Oklahoma City Thunder,New York Knicks,Oklahoma City Thunder
San Antonio Spurs,Chicago Bulls,Chicago Bulls
Portland Trail Blazers,Milwaukee Bucks,Portland Trail Blazers
Toronto Raptors,New Orleans Pelicans,New Orleans Pelicans
Orlando Magic,Denver Nuggets,Denver Nuggets
Houston Rockets,Utah Jazz,Utah Jazz
Golden State Warriors,Los Angeles Clippers,Los Angeles Clippers
Cleveland Cavaliers,Atlanta Hawks,Atlanta Hawks
Dallas Mavericks,Miami Heat,Dallas Mavericks
Boston Celtics,Philadelphia 76ers,Boston Celtics
Indiana Pacers,Milwaukee Bucks,Milwaukee Bucks
Charlotte Hornets,Minnesota Timberwolves,Minnesota Timberwolves
Memphis Grizzlies,New Orleans Pelicans,Memphis Grizzlies
Los Angeles Clippers,Phoenix Suns,Phoenix Suns
Atlanta Hawks,Orlando Magic,Atlanta Hawks
Detroit Pistons,Boston Celtics,Detroit Pistons
Washington Wizards,Indiana Pacers,Indiana Pacers
Brooklyn Nets,New York Knicks,Brooklyn Nets
Sacramento Kings,Chicago Bulls,Chicago Bulls
Portland Trail Blazers,Memphis Grizzlies,Portland Trail Blazers
Toronto Raptors,Minnesota Timberwolves,Toronto Raptors
San Antonio Spurs,Oklahoma City Thunder,San Antonio Spurs
Houston Rockets,Phoenix Suns,Phoenix Suns
Denver Nuggets,Golden State Warriors,Denver Nuggets
Utah Jazz,Los Angeles Lakers,Los Angeles Lakers
Miami Heat,Charlotte Hornets,Miami Heat
Washington Wizards,Brooklyn Nets,Washington Wizards
Dallas Mavericks,New Orleans Pelicans,Dallas Mavericks
Philadelphia 76ers,Milwaukee Bucks,Philadelphia 76ers
Houston Rockets,Los Angeles Clippers,Los Angeles Clippers
Cleveland Cavaliers,Detroit Pistons,Detroit Pistons
Boston Celtics,Brooklyn Nets,Boston Celtics
Atlanta Hawks,Chicago Bulls,Chicago Bulls
Memphis Grizzlies,Minnesota Timberwolves,Minnesota Timberwolves
Phoenix Suns,Oklahoma City Thunder,Phoenix Suns
Golden State Warriors,Portland Trail Blazers,Golden State Warriors
Denver Nuggets,Sacramento Kings,Denver Nuggets
Toronto Raptors,Charlotte Hornets,Charlotte Hornets
Oklahoma City Thunder,Indiana Pacers,Oklahoma City Thunder
Houston Rockets,Orlando Magic,Orlando Magic
San Antonio Spurs,Washington Wizards,San Antonio Spurs
Miami Heat,New York Knicks,Miami Heat
Philadelphia 76ers,Minnesota Timberwolves,Philadelphia 76ers
New Orleans Pelicans,Phoenix Suns,New Orleans Pelicans
Dallas Mavericks,Utah Jazz,Utah Jazz
Los Angeles Clippers,Los Angeles Lakers,Los Angeles Clippers
Boston Celtics,Detroit Pistons,Boston Celtics
Toronto Raptors,Atlanta Hawks,Atlanta Hawks
Memphis Grizzlies,Chicago Bulls,Memphis Grizzlies
Washington Wizards,Cleveland Cavaliers,Cleveland Cavaliers
San Antonio Spurs,Miami Heat,Miami Heat
Brooklyn Nets,Milwaukee Bucks,Brooklyn Nets
Sacramento Kings,Denver Nuggets,Denver Nuggets
Philadelphia 76ers,New York Knicks,Philadelphia 76ers
Utah Jazz,Phoenix Suns,Utah Jazz
Boston Celtics,Indiana Pacers,Indiana Pacers
Detroit Pistons,Charlotte Hornets,Detroit Pistons
Los Angeles Clippers,Houston Rockets,Los Angeles Clippers
Dallas Mavericks,Golden State Warriors,Dallas Mavericks
Denver Nuggets,Portland Trail Blazers,Denver Nuggets
New Orleans Pelicans,Los Angeles Lakers,New Orleans Pelicans
Minnesota Timberwolves,Cleveland Cavaliers,Minnesota Timberwolves
Indiana Pacers,Orlando Magic,Orlando Magic
Toronto Raptors,Brooklyn Nets,Toronto Raptors
Chicago Bulls,Miami Heat,Miami Heat
San Antonio Spurs,Memphis Grizzlies,Memphis Grizzlies
Charlotte Hornets,Milwaukee Bucks,Milwaukee Bucks
Sacramento Kings,Oklahoma City Thunder,Sacramento Kings
Detroit Pistons,Washington Wizards,Washington Wizards
Atlanta Hawks,Boston Celtics,Boston Celtics
Brooklyn Nets,Toronto Raptors,Toronto Raptors
Los Angeles Clippers,Houston Rockets,Los Angeles Clippers
Golden State Warriors,Minnesota Timberwolves,Minnesota Timberwolves
Dallas Mavericks,Los Angeles Lakers,Dallas Mavericks
Charlotte Hornets,Cleveland Cavaliers,Charlotte Hornets
Indiana Pacers,Orlando Magic,Indiana Pacers
New York Knicks,Philadelphia 76ers,Philadelphia 76ers
Utah Jazz,Houston Rockets,Utah Jazz
Miami Heat,Milwaukee Bucks,Milwaukee Bucks
Sacramento Kings,New Orleans Pelicans,New Orleans Pelicans
Oklahoma City Thunder,Denver Nuggets,Oklahoma City Thunder
Portland Trail Blazers,Phoenix Suns,Phoenix Suns
Chicago Bulls,Atlanta Hawks,Atlanta Hawks
Memphis Grizzlies,Boston Celtics,Boston Celtics
Miami Heat,Brooklyn Nets,Miami Heat
Detroit Pistons,Toronto Raptors,Detroit Pistons
Golden State Warriors,Dallas Mavericks,Dallas Mavericks
Sacramento Kings,San Antonio Spurs,Sacramento Kings
Los Angeles Lakers,Los Angeles Clippers,Los Angeles Clippers
Indiana Pacers,Detroit Pistons,Detroit Pistons
Cleveland Cavaliers,Philadelphia 76ers,Philadelphia 76ers
Atlanta Hawks,Washington Wizards,Atlanta Hawks
Milwaukee Bucks,Chicago Bulls,Milwaukee Bucks
Orlando Magic,Toronto Raptors,Orlando Magic
Utah Jazz,New Orleans Pelicans,New Orleans Pelicans
Minnesota Timberwolves,Oklahoma City Thunder,Minnesota Timberwolves
Houston Rockets,Denver Nuggets,Denver Nuggets
New York Knicks,Phoenix Suns,Phoenix Suns
Sacramento Kings,Dallas Mavericks,Dallas Mavericks
San Antonio Spurs,Charlotte Hornets,Charlotte Hornets
Orlando Magic,Memphis Grizzlies,Memphis Grizzlies
Philadelphia 76ers,Miami Heat,Miami Heat
Portland Trail Blazers,Minnesota Timberwolves,Minnesota Timberwolves
Golden State Warriors,Los Angeles Lakers,Los Angeles Lakers
Brooklyn Nets,Boston Celtics,Boston Celtics
Phoenix Suns,Milwaukee Bucks,Milwaukee Bucks
Indiana Pacers,Washington Wizards,Washington Wizards
Memphis Grizzlies,Houston Rockets,Houston Rockets
Utah Jazz,Oklahoma City Thunder,Utah Jazz
Toronto Raptors,Cleveland Cavaliers,Cleveland Cavaliers
New Orleans Pelicans,Denver Nuggets,Denver Nuggets
New York Knicks,Los Angeles Clippers,New York Knicks
Atlanta Hawks,Detroit Pistons,Detroit Pistons
Chicago Bulls,Philadelphia 76ers,Philadelphia 76ers
Houston Rockets,Miami Heat,Miami Heat
Portland Trail Blazers,Minnesota Timberwolves,Minnesota Timberwolves
Utah Jazz,Dallas Mavericks,Dallas Mavericks
Los Angeles Lakers,San Antonio Spurs,San Antonio Spurs
Golden State Warriors,Denver Nuggets,Denver Nuggets
New York Knicks,Sacramento Kings,New York Knicks
Brooklyn Nets,Charlotte Hornets,Brooklyn Nets
Cleveland Cavaliers,Indiana Pacers,Cleveland Cavaliers
Phoenix Suns,Orlando Magic,Phoenix Suns
New Orleans Pelicans,Memphis Grizzlies,Memphis Grizzlies
Milwaukee Bucks,Oklahoma City Thunder,Milwaukee Bucks
Los Angeles Clippers,Golden State Warriors,Golden State Warriors
Boston Celtics,Charlotte Hornets,Boston Celtics
Chicago Bulls,Detroit Pistons,Chicago Bulls
Phoenix Suns,Miami Heat,Phoenix Suns
Los Angeles Lakers,Houston Rockets,Houston Rockets
Atlanta Hawks,Milwaukee Bucks,Milwaukee Bucks
Oklahoma City Thunder,Minnesota Timberwolves,Minnesota Timberwolves
Orlando Magic,New Orleans Pelicans,Orlando Magic
New York Knicks,Dallas Mavericks,New York Knicks
Toronto Raptors,San Antonio Spurs,Toronto Raptors
Denver Nuggets,Sacramento Kings,Denver Nuggets
Portland Trail Blazers,Utah Jazz,Utah Jazz
Washington Wizards,Los Angeles Clippers,Los Angeles Clippers
Brooklyn Nets,Philadelphia 76ers,Brooklyn Nets
Golden State Warriors,Denver Nuggets,Golden State Warriors
Minnesota Timberwolves,Orlando Magic,Orlando Magic
Los Angeles Clippers,Atlanta Hawks,Atlanta Hawks
Detroit Pistons,Boston Celtics,Boston Celtics
Dallas Mavericks,Houston Rockets,Dallas Mavericks
New York Knicks,Memphis Grizzlies,Memphis Grizzlies
Cleveland Cavaliers,Miami Heat,Miami Heat
Charlotte Hornets,New Orleans Pelicans,Charlotte Hornets
Utah Jazz,San Antonio Spurs,San Antonio Spurs
Toronto Raptors,Phoenix Suns,Toronto Raptors
Washington Wizards,Los Angeles Lakers,Los Angeles Lakers
Cleveland Cavaliers,Chicago Bulls,Chicago Bulls
Minnesota Timberwolves,Miami Heat,Minnesota Timberwolves
Indiana Pacers,San Antonio Spurs,Indiana Pacers
Milwaukee Bucks,Golden State Warriors,Golden State Warriors
Toronto Raptors,Denver Nuggets,Toronto Raptors
Sacramento Kings,Utah Jazz,Utah Jazz
Washington Wizards,Portland Trail Blazers,Portland Trail Blazers
New York Knicks,Brooklyn Nets,Brooklyn Nets
Los Angeles Clippers,Detroit Pistons,Los Angeles Clippers
Dallas Mavericks,Boston Celtics,Dallas Mavericks
Philadelphia 76ers,Orlando Magic,Philadelphia 76ers
Indiana Pacers,Atlanta Hawks,Atlanta Hawks
Houston Rockets,New Orleans Pelicans,New Orleans Pelicans
Memphis Grizzlies,Oklahoma City Thunder,Memphis Grizzlies
Los Angeles Lakers,Phoenix Suns,Phoenix Suns
Los Angeles Clippers,Cleveland Cavaliers,Cleveland Cavaliers
Portland Trail Blazers,Atlanta Hawks,Atlanta Hawks
Denver Nuggets,Philadelphia 76ers,Denver Nuggets
Charlotte Hornets,Oklahoma City Thunder,Charlotte Hornets
Minnesota Timberwolves,San Antonio Spurs,Minnesota Timberwolves
Washington Wizards,Golden State Warriors,Golden State Warriors
Chicago Bulls,Sacramento Kings,Sacramento Kings
Milwaukee Bucks,Utah Jazz,Milwaukee Bucks
Toronto Raptors,Los Angeles Lakers,Toronto Raptors
Memphis Grizzlies,Indiana Pacers,Memphis Grizzlies
Brooklyn Nets,Orlando Magic,Brooklyn Nets
Detroit Pistons,Miami Heat,Miami Heat
Phoenix Suns,New Orleans Pelicans,Phoenix Suns
Atlanta Hawks,Charlotte Hornets,Charlotte Hornets
Philadelphia 76ers,Cleveland Cavaliers,Philadelphia 76ers
Denver Nuggets,Washington Wizards,Denver Nuggets
Dallas Mavericks,Brooklyn Nets,Dallas Mavericks
Portland Trail Blazers,New York Knicks,New York Knicks
Phoenix Suns,Houston Rockets,Phoenix Suns
Los Angeles Lakers,Minnesota Timberwolves,Minnesota Timberwolves
Oklahoma City Thunder,San Antonio Spurs,San Antonio Spurs
Chicago Bulls,Utah Jazz,Utah Jazz
Boston Celtics,Golden State Warriors,Boston Celtics
Milwaukee Bucks,Sacramento Kings,Milwaukee Bucks
Toronto Raptors,Los Angeles Clippers,Toronto Raptors
Detroit Pistons,Orlando Magic,Detroit Pistons
Dallas Mavericks,Philadelphia 76ers,Philadelphia 76ers
Memphis Grizzlies,Atlanta Hawks,Atlanta Hawks
Portland Trail Blazers,Brooklyn Nets,Brooklyn Nets
Denver Nuggets,Cleveland Cavaliers,Cleveland Cavaliers
Washington Wizards,New York Knicks,New York Knicks
Los Angeles Lakers,Toronto Raptors,Los Angeles Lakers
Indiana Pacers,Houston Rockets,Indiana Pacers
Oklahoma City Thunder,Miami Heat,Miami Heat
New Orleans Pelicans,San Antonio Spurs,New Orleans Pelicans
Los Angeles Clippers,Utah Jazz,Utah Jazz
Chicago Bulls,Phoenix Suns,Phoenix Suns
Boston Celtics,Sacramento Kings,Boston Celtics
Milwaukee Bucks,Minnesota Timberwolves,Minnesota Timberwolves
Dallas Mavericks,Charlotte Hornets,Charlotte Hornets
Detroit Pistons,Cleveland Cavaliers,Cleveland Cavaliers
Los Angeles Lakers,Washington Wizards,Washington Wizards
Memphis Grizzlies,Houston Rockets,Memphis Grizzlies
Portland Trail Blazers,Indiana Pacers,Indiana Pacers
New Orleans Pelicans,Atlanta Hawks,New Orleans Pelicans
Oklahoma City Thunder,Orlando Magic,Orlando Magic
Phoenix Suns,Sacramento Kings,Phoenix Suns
Utah Jazz,New York Knicks,Utah Jazz
Boston Celtics,Denver Nuggets,Boston Celtics
San Antonio Spurs,Golden State Warriors,San Antonio Spurs
Toronto Raptors,Philadelphia 76ers,Toronto Raptors
New Orleans Pelicans,Charlotte Hornets,Charlotte Hornets
Los Angeles Lakers,Cleveland Cavaliers,Los Angeles Lakers
Portland Trail Blazers,Detroit Pistons,Portland Trail Blazers
Utah Jazz,Brooklyn Nets,Brooklyn Nets
Miami Heat,Philadelphia 76ers,Philadelphia 76ers
Toronto Raptors,Chicago Bulls,Chicago Bulls
Washington Wizards,Houston Rockets,Houston Rockets
Boston Celtics,Oklahoma City Thunder,Boston Celtics
Minnesota Timberwolves,Dallas Mavericks,Dallas Mavericks
Golden State Warriors,Orlando Magic,Orlando Magic
Atlanta Hawks,New York Knicks,Atlanta Hawks
Chicago Bulls,Milwaukee Bucks,Milwaukee Bucks
Los Angeles Clippers,Denver Nuggets,Denver Nuggets
New York Knicks,Charlotte Hornets,New York Knicks
Atlanta Hawks,Detroit Pistons,Detroit Pistons
Sacramento Kings,Indiana Pacers,Sacramento Kings
Utah Jazz,Boston Celtics,Boston Celtics
Brooklyn Nets,Memphis Grizzlies,Memphis Grizzlies
Golden State Warriors,Miami Heat,Golden State Warriors
Phoenix Suns,Minnesota Timberwolves,Phoenix Suns
Orlando Magic,Oklahoma City Thunder,Oklahoma City Thunder
Houston Rockets,Dallas Mavericks,Dallas Mavericks
Philadelphia 76ers,Los Angeles Lakers,Philadelphia 76ers
San Antonio Spurs,Portland Trail Blazers,San Antonio Spurs
Cleveland Cavaliers,Toronto Raptors,Toronto Raptors
Indiana Pacers,Memphis Grizzlies,Memphis Grizzlies
Washington Wizards,Milwaukee Bucks,Milwaukee Bucks
Chicago Bulls,New Orleans Pelicans,New Orleans Pelicans
Phoenix Suns,Denver Nuggets,Phoenix Suns
Utah Jazz,Charlotte Hornets,Charlotte Hornets
Washington Wizards,Detroit Pistons,Washington Wizards
Golden State Warriors,Atlanta Hawks,Atlanta Hawks
New York Knicks,Miami Heat,New York Knicks
Dallas Mavericks,Minnesota Timberwolves,Minnesota Timberwolves
Houston Rockets,Portland Trail Blazers,Houston Rockets
Philadelphia 76ers,Los Angeles Clippers,Philadelphia 76ers
San Antonio Spurs,New Orleans Pelicans,San Antonio Spurs
Sacramento Kings,Orlando Magic,Sacramento Kings
Indiana Pacers,Toronto Raptors,Toronto Raptors
Chicago Bulls,Cleveland Cavaliers,Chicago Bulls
Milwaukee Bucks,Memphis Grizzlies,Memphis Grizzlies
Brooklyn Nets,Miami Heat,Brooklyn Nets
Oklahoma City Thunder,Denver Nuggets,Denver Nuggets
Houston Rockets,Portland Trail Blazers,Houston Rockets
New York Knicks,Detroit Pistons,New York Knicks
Minnesota Timberwolves,Boston Celtics,Boston Celtics
Philadelphia 76ers,Phoenix Suns,Phoenix Suns
Golden State Warriors,Washington Wizards,Washington Wizards
Los Angeles Lakers,New Orleans Pelicans,New Orleans Pelicans
Charlotte Hornets,Brooklyn Nets,Charlotte Hornets
Utah Jazz,Dallas Mavericks,Dallas Mavericks
Denver Nuggets,Charlotte Hornets,Denver Nuggets
Orlando Magic,Cleveland Cavaliers,Cleveland Cavaliers
Atlanta Hawks,Indiana Pacers,Atlanta Hawks
Sacramento Kings,Miami Heat,Miami Heat
Chicago Bulls,New York Knicks,New York Knicks
Boston Celtics,Toronto Raptors,Toronto Raptors
San Antonio Spurs,Houston Rockets,San Antonio Spurs
Golden State Warriors,Memphis Grizzlies,Memphis Grizzlies
Oklahoma City Thunder,Portland Trail Blazers,Oklahoma City Thunder
Milwaukee Bucks,Philadelphia 76ers,Milwaukee Bucks
Chicago Bulls,Washington Wizards,Chicago Bulls
Detroit Pistons,Brooklyn Nets,Brooklyn Nets
Los Angeles Lakers,Dallas Mavericks,Dallas Mavericks
Utah Jazz,Los Angeles Clippers,Los Angeles Clippers
Dallas Mavericks,Cleveland Cavaliers,Dallas Mavericks
Denver Nuggets,Indiana Pacers,Denver Nuggets
Orlando Magic,Washington Wizards,Washington Wizards
Miami Heat,Boston Celtics,Miami Heat
Charlotte Hornets,New York Knicks,Charlotte Hornets
Minnesota Timberwolves,Toronto Raptors,Toronto Raptors
Sacramento Kings,Houston Rockets,Sacramento Kings
Atlanta Hawks,Oklahoma City Thunder,Atlanta Hawks
Memphis Grizzlies,San Antonio Spurs,Memphis Grizzlies
Phoenix Suns,Golden State Warriors,Phoenix Suns
New Orleans Pelicans,Portland Trail Blazers,New Orleans Pelicans
Philadelphia 76ers,Detroit Pistons,Detroit Pistons
Cleveland Cavaliers,Atlanta Hawks,Atlanta Hawks
Milwaukee Bucks,Brooklyn Nets,Milwaukee Bucks
Los Angeles Clippers,Chicago Bulls,Chicago Bulls
Los Angeles Lakers,Utah Jazz,Utah Jazz
Toronto Raptors,Orlando Magic,Toronto Raptors
Dallas Mavericks,Washington Wizards,Washington Wizards
Indiana Pacers,Boston Celtics,Boston Celtics
Sacramento Kings,Houston Rockets,Sacramento Kings
Phoenix Suns,Memphis Grizzlies,Memphis Grizzlies
Los Angeles Clippers,Milwaukee Bucks,Los Angeles Clippers
Detroit Pistons,Oklahoma City Thunder,Detroit Pistons
Portland Trail Blazers,San Antonio Spurs,San Antonio Spurs
Minnesota Timberwolves,Denver Nuggets,Minnesota Timberwolves
New Orleans Pelicans,Los Angeles Lakers,New Orleans Pelicans
Charlotte Hornets,Philadelphia 76ers,Philadelphia 76ers
Cleveland Cavaliers,New York Knicks,Cleveland Cavaliers
Brooklyn Nets,Atlanta Hawks,Atlanta Hawks
Miami Heat,Chicago Bulls,Miami Heat
Utah Jazz,Golden State Warriors,Golden State Warriors
Washington Wizards,Boston Celtics,Boston Celtics
Dallas Mavericks,Milwaukee Bucks,Dallas Mavericks
Denver Nuggets,Los Angeles Lakers,Denver Nuggets
Detroit Pistons,Indiana Pacers,Detroit Pistons
Philadelphia 76ers,Cleveland Cavaliers,Philadelphia 76ers
New York Knicks,Orlando Magic,New York Knicks
Minnesota Timberwolves,Houston Rockets,Minnesota Timberwolves
Phoenix Suns,Oklahoma City Thunder,Oklahoma City Thunder
Portland Trail Blazers,San Antonio Spurs,San Antonio Spurs
Miami Heat,Toronto Raptors,Miami Heat
Golden State Warriors,Sacramento Kings,Golden State Warriors
New Orleans Pelicans,Los Angeles Clippers,Los Angeles Clippers
Philadelphia 76ers,Indiana Pacers,Philadelphia 76ers
Cleveland Cavaliers,Orlando Magic,Orlando Magic
Houston Rockets,Brooklyn Nets,Brooklyn Nets
Charlotte Hornets,Miami Heat,Miami Heat
Atlanta Hawks,Toronto Raptors,Toronto Raptors
Milwaukee Bucks,Chicago Bulls,Milwaukee Bucks
Washington Wizards,Minnesota Timberwolves,Washington Wizards
Portland Trail Blazers,Oklahoma City Thunder,Oklahoma City Thunder
San Antonio Spurs,Denver Nuggets,San Antonio Spurs
Memphis Grizzlies,Utah Jazz,Utah Jazz
New Orleans Pelicans,Sacramento Kings,New Orleans Pelicans
Los Angeles Lakers,Phoenix Suns,Phoenix Suns
Dallas Mavericks,Detroit Pistons,Dallas Mavericks
Brooklyn Nets,New York Knicks,Brooklyn Nets
Washington Wizards,Atlanta Hawks,Atlanta Hawks
Boston Celtics,Chicago Bulls,Boston Celtics
Oklahoma City Thunder,Utah Jazz,Utah Jazz
Phoenix Suns,Los Angeles Clippers,Los Angeles Clippers
Orlando Magic,Charlotte Hornets,Charlotte Hornets
Boston Celtics,Milwaukee Bucks,Milwaukee Bucks
Philadelphia 76ers,Toronto Raptors,Toronto Raptors
San Antonio Spurs,Minnesota Timberwolves,Minnesota Timberwolves
Portland Trail Blazers,New Orleans Pelicans,New Orleans Pelicans
Memphis Grizzlies,Denver Nuggets,Denver Nuggets
Los Angeles Lakers,Golden State Warriors,Golden State Warriors
Milwaukee Bucks,Detroit Pistons,Milwaukee Bucks
New York Knicks,Washington Wizards,New York Knicks
Cleveland Cavaliers,Brooklyn Nets,Brooklyn Nets
Houston Rockets,Toronto Raptors,Toronto Raptors
Charlotte Hornets,Chicago Bulls,Charlotte Hornets
Atlanta Hawks,Miami Heat,Miami Heat
Portland Trail Blazers,Dallas Mavericks,Dallas Mavericks
Phoenix Suns,Utah Jazz,Phoenix Suns
Oklahoma City Thunder,Los Angeles Lakers,Los Angeles Lakers
Indiana Pacers,Philadelphia 76ers,Philadelphia 76ers
New Orleans Pelicans,Memphis Grizzlies,Memphis Grizzlies
Golden State Warriors,San Antonio Spurs,Golden State Warriors
Sacramento Kings,Los Angeles Clippers,Los Angeles Clippers
Indiana Pacers,Brooklyn Nets,Brooklyn Nets
Washington Wizards,Charlotte Hornets,Charlotte Hornets
Milwaukee Bucks,Cleveland Cavaliers,Cleveland Cavaliers
Atlanta Hawks,Houston Rockets,Atlanta Hawks
Boston Celtics,Memphis Grizzlies,Boston Celtics
Toronto Raptors,New York Knicks,New York Knicks
Miami Heat,Orlando Magic,Orlando Magic
Detroit Pistons,Philadelphia 76ers,Philadelphia 76ers
Chicago Bulls,Minnesota Timberwolves,Chicago Bulls
San Antonio Spurs,Dallas Mavericks,Dallas Mavericks
Los Angeles Lakers,Denver Nuggets,Los Angeles Lakers
Oklahoma City Thunder,Los Angeles Clippers,Los Angeles Clippers
Golden State Warriors,New Orleans Pelicans,Golden State Warriors
Sacramento Kings,Phoenix Suns,Sacramento Kings
Utah Jazz,Portland Trail Blazers,Utah Jazz
Cleveland Cavaliers,Brooklyn Nets,Brooklyn Nets
Los Angeles Clippers,Minnesota Timberwolves,Minnesota Timberwolves
Charlotte Hornets,Atlanta Hawks,Atlanta Hawks
San Antonio Spurs,New Orleans Pelicans,New Orleans Pelicans
Atlanta Hawks,Cleveland Cavaliers,Atlanta Hawks
New Orleans Pelicans,Los Angeles Clippers,New Orleans Pelicans
Utah Jazz,Dallas Mavericks,Utah Jazz
Minnesota Timberwolves,Memphis Grizzlies,Minnesota Timberwolves
Toronto Raptors,Philadelphia 76ers,Philadelphia 76ers
Denver Nuggets,Golden State Warriors,Golden State Warriors
Atlanta Hawks,Miami Heat,Miami Heat
Brooklyn Nets,Boston Celtics,Boston Celtics
Chicago Bulls,Milwaukee Bucks,Milwaukee Bucks
New Orleans Pelicans,Phoenix Suns,Phoenix Suns
Toronto Raptors,Philadelphia 76ers,Philadelphia 76ers
Utah Jazz,Dallas Mavericks,Dallas Mavericks
Denver Nuggets,Golden State Warriors,Golden State Warriors
Atlanta Hawks,Miami Heat,Miami Heat
Minnesota Timberwolves,Memphis Grizzlies,Memphis Grizzlies
New Orleans Pelicans,Phoenix Suns,New Orleans Pelicans
Brooklyn Nets,Boston Celtics,Boston Celtics
Philadelphia 76ers,Toronto Raptors,Philadelphia 76ers
Chicago Bulls,Milwaukee Bucks,Chicago Bulls
Memphis Grizzlies,Minnesota Timberwolves,Memphis Grizzlies
Dallas Mavericks,Utah Jazz,Dallas Mavericks
Golden State Warriors,Denver Nuggets,Golden State Warriors
Miami Heat,Atlanta Hawks,Atlanta Hawks
Milwaukee Bucks,Chicago Bulls,Milwaukee Bucks
Phoenix Suns,New Orleans Pelicans,Phoenix Suns
Philadelphia 76ers,Toronto Raptors,Toronto Raptors
Dallas Mavericks,Utah Jazz,Utah Jazz
Boston Celtics,Brooklyn Nets,Boston Celtics
Memphis Grizzlies,Minnesota Timberwolves,Minnesota Timberwolves
Milwaukee Bucks,Chicago Bulls,Milwaukee Bucks
Golden State Warriors,Denver Nuggets,Denver Nuggets
Miami Heat,Atlanta Hawks,Miami Heat
Phoenix Suns,New Orleans Pelicans,New Orleans Pelicans
Boston Celtics,Brooklyn Nets,Boston Celtics
Toronto Raptors,Philadelphia 76ers,Toronto Raptors
Utah Jazz,Dallas Mavericks,Dallas Mavericks
Atlanta Hawks,Miami Heat,Miami Heat
Minnesota Timberwolves,Memphis Grizzlies,Memphis Grizzlies
New Orleans Pelicans,Phoenix Suns,Phoenix Suns
Chicago Bulls,Milwaukee Bucks,Milwaukee Bucks
Denver Nuggets,Golden State Warriors,Golden State Warriors
Philadelphia 76ers,Toronto Raptors,Philadelphia 76ers
Phoenix Suns,New Orleans Pelicans,Phoenix Suns
Dallas Mavericks,Utah Jazz,Dallas Mavericks
Memphis Grizzlies,Minnesota Timberwolves,Memphis Grizzlies
Milwaukee Bucks,Boston Celtics,Milwaukee Bucks
Golden State Warriors,Memphis Grizzlies,Golden State Warriors
Philadelphia 76ers,Miami Heat,Miami Heat
Dallas Mavericks,Phoenix Suns,Phoenix Suns
Milwaukee Bucks,Boston Celtics,Boston Celtics
Golden State Warriors,Memphis Grizzlies,Memphis Grizzlies
Philadelphia 76ers,Miami Heat,Miami Heat
Dallas Mavericks,Phoenix Suns,Phoenix Suns
Miami Heat,Philadelphia 76ers,Philadelphia 76ers
Phoenix Suns,Dallas Mavericks,Dallas Mavericks
Boston Celtics,Milwaukee Bucks,Milwaukee Bucks
Memphis Grizzlies,Golden State Warriors,Golden State Warriors
Phoenix Suns,Dallas Mavericks,Dallas Mavericks
Miami Heat,Philadelphia 76ers,Philadelphia 76ers
Boston Celtics,Milwaukee Bucks,Boston Celtics
Memphis Grizzlies,Golden State Warriors,Golden State Warriors
Philadelphia 76ers,Miami Heat,Miami Heat
Dallas Mavericks,Phoenix Suns,Phoenix Suns
Milwaukee Bucks,Boston Celtics,Milwaukee Bucks
Golden State Warriors,Memphis Grizzlies,Memphis Grizzlies
Miami Heat,Philadelphia 76ers,Miami Heat
Phoenix Suns,Dallas Mavericks,Dallas Mavericks
Boston Celtics,Milwaukee Bucks,Boston Celtics
Memphis Grizzlies,Golden State Warriors,Golden State Warriors
Milwaukee Bucks,Boston Celtics,Boston Celtics
Dallas Mavericks,Phoenix Suns,Dallas Mavericks
Boston Celtics,Miami Heat,Miami Heat
Dallas Mavericks,Golden State Warriors,Golden State Warriors
Boston Celtics,Miami Heat,Boston Celtics
Dallas Mavericks,Golden State Warriors,Golden State Warriors
Miami Heat,Boston Celtics,Miami Heat
Golden State Warriors,Dallas Mavericks,Golden State Warriors
Miami Heat,Boston Celtics,Boston Celtics
Golden State Warriors,Dallas Mavericks,Dallas Mavericks
Boston Celtics,Miami Heat,Boston Celtics
Dallas Mavericks,Golden State Warriors,Golden State Warriors
Miami Heat,Boston Celtics,Miami Heat
Boston Celtics,Miami Heat,Boston Celtics
Boston Celtics,Golden State Warriors,Boston Celtics
Boston Celtics,Golden State Warriors,Golden State Warriors
Golden State Warriors,Boston Celtics,Boston Celtics
Golden State Warriors,Boston Celtics,Golden State Warriors
Boston Celtics,Golden State Warriors,Golden State Warriors
Golden State Warriors,Boston Celtics,Golden State Warriors